Age,Sex,Height,Weight,BMI,lesion_volume,lesion_number,correct_percent,incorrect_percent,correct_rt,incorrect_rt
63,F,1.625,63,23.9,0.52214,8,81.82,18.18,1.778571605,2.265544444
62,M,1.845,85,25.1,1.2508,13,95.92,4.08,2.090989362,3.378975
52,M,1.85,89,26,0.29412,6,94,6,2.324585106,2.749316667
54,F,1.635,60,22.4,0.47588,5,88.89,11.11,1.703818182,1.907772727
69,M,1.89,90,25.1,0.82617,9,89,11,2.197601124,2.439963636
68,M,1.68,75,26.5,2.5066,14,90,10,3.075872222,4.33224
64,M,1.74,90,29.7,3.9871,13,83.67,16.33,2.190252439,2.90063125
75,F,1.58,66,26.4,1.2781,12,96.97,3.03,1.977898958,2.416433333
54,F,1.676,71.5,25.5,0.75925,8,93.94,6.06,1.976450538,2.618416667
63,M,1.88,83,23.5,0.58824,8,89.69,10.31,2.657813793,2.63725
61,M,1.82,95,28.7,0.95836,9,93.94,6.06,2.087407527,2.451283333
59,M,1.7,82.4,28.5,0.23381,4,95.96,4.04,2.23808,2.9838
69,F,1.57,53,21.5,9.0293,9,90.91,9.09,1.931542222,2.943622222
58,F,1.745,77,25.4,0.94927,7,98.99,1.01,1.845207143,1.8196
78,F,1.64,55,20.45,2.4116,13,77.78,22.22,2.979523377,3.309713636
55,F,1.74,71,23.6,2.1439,12,96,4,1.63820625,2.69685
64,M,1.836,90,26.7,1.7432,12,93,7,2.230224731,3.199085714
56,F,1.63,49.5,18.6,0.2495,6,89.9,10.1,1.985420225,2.78959
73,M,1.855,72.5,21.1,1.1418,10,78.35,21.65,2.468943421,2.665209524
56,M,1.93,118,31.7,0.18424,5,91.92,8.08,1.997283516,1.63225
68,M,1.81,72,22,0.51718,10,78.57,21.43,2.441219481,2.974704762
70,M,1.765,76,24.5,0.88979,11,95.96,4.04,2.07186,2.299825
62,F,1.685,57,20,0.94349,8,93.94,6.06,2.129053763,2.8149
52,F,1.62,49,18.6,1.5458,7,91.92,8.08,1.862132967,2.3734125
54,M,1.81,105,32.2,1.3144,11,98,2,1.938783673,1.77045
71,M,1.925,102,27.7,1.9886,13,83.84,16.16,2.214743373,2.5905125
59,F,1.55,72,30,0.26768,7,94,6,1.986588298,2.391316667
71,F,1.52,64,27.7,0.44366,10,89.58,10.42,2.46134186,2.78768
60,F,1.7,99,34.3,0.55767,18,94.95,5.05,2.37277234,2.8206
55,M,1.71,86,29.4,0.4073,9,91.84,8.16,2.440825556,3.2316
73,M,1.795,95,29.5,0.64028,11,96,4,1.956795833,3.26645
77,F,1.61,67,28.25,4.3804,14,92.93,7.07,1.812765217,2.067971429
67,F,1.61,64.4,24.8,1.1467,10,81.25,18.75,3.036135897,3.347816667
65,M,1.79,77,24,0.27677,8,95.96,4.04,2.228882105,2.36495
56,M,1.7,71.5,24.7,0.385,8,94.95,5.05,2.22541383,3.14584
59,M,1.73,95,31.7,0.96993,10,97,3,2.290175258,3.843133333
52,F,1.45,71,33.8,0.6345,9,94.95,5.05,1.704240426,1.97382
61,M,1.8,68,21,0.83444,8,92,8,2.467117391,3.7154125
58,F,1.656,69,25.2,0.77991,9,98.99,1.01,2.392567347,4.2478
75,M,1.74,77,25.4,1.1492,10,93.94,6.06,2.258907527,3.29605
77,F,1.655,61,22.3,0.6155,10,92.93,7.07,2.080870652,2.721657143
65,F,1.735,66,21.9,0.827,8,97,3,1.962471134,1.943133333
55,F,1.705,81,27.9,0.71795,8,97,3,1.854627835,2.9298
73,F,1.72,67,22.65,3.959,11,90.91,9.09,2.460048889,3.044666667
61,F,1.72,53.5,18.1,0.93936,9,94.9,5.1,2.027603226,2.69572
71,F,1.6,51,19.9,0.79974,11,91.92,8.08,1.906589011,2.320375
63,F,1.625,59,22.3,1.1104,10,96,4,1.449951042,1.649875
63,F,1.6,71,27.7,0.85674,12,95.88,4.12,2.198929032,1.7346